--
-- PostgreSQL database dump
--

-- Dumped from database version 10.5
-- Dumped by pg_dump version 10.5

SET statement_timeout = 0;
SET lock_timeout = 0;
SET idle_in_transaction_session_timeout = 0;
SET client_encoding = 'UTF8';
SET standard_conforming_strings = on;
SELECT pg_catalog.set_config('search_path', '', false);
SET check_function_bodies = false;
SET client_min_messages = warning;
SET row_security = off;

--
-- Name: plpgsql; Type: EXTENSION; Schema: -; Owner: 
--

CREATE EXTENSION IF NOT EXISTS plpgsql WITH SCHEMA pg_catalog;


--
-- Name: EXTENSION plpgsql; Type: COMMENT; Schema: -; Owner: 
--

COMMENT ON EXTENSION plpgsql IS 'PL/pgSQL procedural language';


SET default_tablespace = '';

SET default_with_oids = false;

--
-- Name: customers; Type: TABLE; Schema: public; Owner: postgres
--

CREATE TABLE public.customers (
    id integer NOT NULL,
    first_name character varying(255),
    last_name character varying(255)
);


ALTER TABLE public.customers OWNER TO postgres;

--
-- Name: customers_id_seq; Type: SEQUENCE; Schema: public; Owner: postgres
--

CREATE SEQUENCE public.customers_id_seq
    AS integer
    START WITH 1
    INCREMENT BY 1
    NO MINVALUE
    NO MAXVALUE
    CACHE 1;


ALTER TABLE public.customers_id_seq OWNER TO postgres;

--
-- Name: customers_id_seq; Type: SEQUENCE OWNED BY; Schema: public; Owner: postgres
--

ALTER SEQUENCE public.customers_id_seq OWNED BY public.customers.id;


--
-- Name: customersitems; Type: TABLE; Schema: public; Owner: postgres
--

CREATE TABLE public.customersitems (
    price numeric,
    item_id integer NOT NULL,
    customer_id integer NOT NULL
);


ALTER TABLE public.customersitems OWNER TO postgres;

--
-- Name: items; Type: TABLE; Schema: public; Owner: postgres
--

CREATE TABLE public.items (
    id integer NOT NULL,
    name character varying(255)
);


ALTER TABLE public.items OWNER TO postgres;

--
-- Name: items_id_seq; Type: SEQUENCE; Schema: public; Owner: postgres
--

CREATE SEQUENCE public.items_id_seq
    AS integer
    START WITH 1
    INCREMENT BY 1
    NO MINVALUE
    NO MAXVALUE
    CACHE 1;


ALTER TABLE public.items_id_seq OWNER TO postgres;

--
-- Name: items_id_seq; Type: SEQUENCE OWNED BY; Schema: public; Owner: postgres
--

ALTER SEQUENCE public.items_id_seq OWNED BY public.items.id;


--
-- Name: customers id; Type: DEFAULT; Schema: public; Owner: postgres
--

ALTER TABLE ONLY public.customers ALTER COLUMN id SET DEFAULT nextval('public.customers_id_seq'::regclass);


--
-- Name: items id; Type: DEFAULT; Schema: public; Owner: postgres
--

ALTER TABLE ONLY public.items ALTER COLUMN id SET DEFAULT nextval('public.items_id_seq'::regclass);


--
-- Data for Name: customers; Type: TABLE DATA; Schema: public; Owner: postgres
--

COPY public.customers (id, first_name, last_name) FROM stdin;
1	Wilman	Kala
2	John	Doe
3	John	Wick
4	Karl	Jablonski
5	Marry	Jane
\.


--
-- Data for Name: customersitems; Type: TABLE DATA; Schema: public; Owner: postgres
--

COPY public.customersitems (price, item_id, customer_id) FROM stdin;
50	1	1
50	1	3
50	1	5
100	2	2
100	2	4
2000	3	1
2000	3	2
2000	3	4
1000	4	2
1000	4	4
1000	4	5
10000	5	1
10000	5	2
10000	5	4
10000	5	5
\.


--
-- Data for Name: items; Type: TABLE DATA; Schema: public; Owner: postgres
--

COPY public.items (id, name) FROM stdin;
1	RC remote
2	HeadPhones
3	Imac 2012 27"
4	Laptop
5	Red Car
\.


--
-- Name: customers_id_seq; Type: SEQUENCE SET; Schema: public; Owner: postgres
--

SELECT pg_catalog.setval('public.customers_id_seq', 5, true);


--
-- Name: items_id_seq; Type: SEQUENCE SET; Schema: public; Owner: postgres
--

SELECT pg_catalog.setval('public.items_id_seq', 5, true);


--
-- Name: customers customers_pkey; Type: CONSTRAINT; Schema: public; Owner: postgres
--

ALTER TABLE ONLY public.customers
    ADD CONSTRAINT customers_pkey PRIMARY KEY (id);


--
-- Name: items items_pkey; Type: CONSTRAINT; Schema: public; Owner: postgres
--

ALTER TABLE ONLY public.items
    ADD CONSTRAINT items_pkey PRIMARY KEY (id);


--
-- Name: customersitems customersitems_customer_id_fkey; Type: FK CONSTRAINT; Schema: public; Owner: postgres
--

ALTER TABLE ONLY public.customersitems
    ADD CONSTRAINT customersitems_customer_id_fkey FOREIGN KEY (customer_id) REFERENCES public.customers(id);


--
-- Name: customersitems customersitems_item_id_fkey; Type: FK CONSTRAINT; Schema: public; Owner: postgres
--

ALTER TABLE ONLY public.customersitems
    ADD CONSTRAINT customersitems_item_id_fkey FOREIGN KEY (item_id) REFERENCES public.items(id);


--
-- PostgreSQL database dump complete
--

